sequence_id	sequence	productive	v_call	j_call	sequence_alignment	germline_alignment	junction	np1	np2	cdr1	cdr2	cdr3	cdr3_aa	fwr1	fwr2	fwr3	fwr4	v_identity	d_identity	j_identity	v_sequence_start	v_sequence_end	d_sequence_start	d_sequence_end	j_sequence_start	j_sequence_end	cdr1_start	cdr1_end	cdr2_start	cdr2_end	cdr3_start	cdr3_end	fwr1_start	fwr1_end	fwr2_start	fwr2_end	fwr3_start	fwr3_end	fwr4_start	fwr4_end	v_sequence_alignment	d_sequence_alignment	j_sequence_alignment	v_germline_alignment	d_germline_alignment	j_germline_alignment	v_sequence_alignment_aa	d_sequence_alignment_aa	j_sequence_alignment_aa	whole_seq	germline_seq	occurrence	criteria
seq779	cttatgtcttctccacaggggtcctgtcccaggtgcnnctgcaggagtcgggcccaggactggtgaagccttcacagaccctgtccctcacctgcactgtctctggtggctccatcagcagtggtggttactactggaactggatccgccagcacccagggaagggcctggagtggattgggtacatctattacagtgggaacacctacttcaacccgtcgctccagagtcgagttaccatatcactggacacgtctaagaaccagttctccctgaggctgacctctgttactgccgcggacacggcagtgtattactgtgcgagaatacttcccggggggggctactttgactcctggggccagggagtactggtcaccgtctcctcaggtaag	T	IGHV4-31*03	IGHJ4*02	caggtgcnnctgcaggagtcgggccca...ggactggtgaagccttcacagaccctgtccctcacctgcactgtctctggtggctccatcagc......agtggtggttactactggaactggatccgccagcacccagggaagggcctggagtggattgggtacatctattacagt.........gggaacacctacttcaacccgtcgctccag...agtcgagttaccatatcactggacacgtctaagaaccagttctccctgaggctgacctctgttactgccgcggacacggcagtgtattactgtgcgagaatacttcccggggggggctactttgactcctggggccagggagtactggtcaccgtctcctcag	caggtgcagctgcaggagtcgggccca...ggactggtgaagccttcacagaccctgtccctcacctgcactgtctctggtggctccatcagc......agtggtggttactactggagctggatccgccagcacccagggaagggcctggagtggattgggtacatctattacagt.........gggagcacctactacaacccgtccctcaag...agtcgagttaccatatcagtagacacgtctaagaaccagttctccctgaagctgagctctgtgactgccgcggacacggccgtgtattactgtgcgagantacgtttgggggnnnnctactttgactactggggccagggaaccctggtcaccgtctcctcag	tgtgcgagaatacttcccggggggggctactttgactcctgg	a	gggg	ggtggctccatcagcagtggtggttactac	atctattacagtgggaacacc	gcgagaatacttcccggggggggctactttgactcc	ARILPGGGYFDS	caggtgcnnctgcaggagtcgggcccaggactggtgaagccttcacagaccctgtccctcacctgcactgtctct	tggaactggatccgccagcacccagggaagggcctggagtggattgggtac	tacttcaacccgtcgctccagagtcgagttaccatatcactggacacgtctaagaaccagttctccctgaggctgacctctgttactgccgcggacacggcagtgtattactgt	tggggccagggagtactggtcaccgtctcctcag	95.53	0.00	89.58	30	326	328	339	344	390	105	134	186	206	321	356	30	104	135	185	207	320	357	390	caggtgcnnctgcaggagtcgggccca...ggactggtgaagccttcacagaccctgtccctcacctgcactgtctctggtggctccatcagc......agtggtggttactactggaactggatccgccagcacccagggaagggcctggagtggattgggtacatctattacagt.........gggaacacctacttcaacccgtcgctccag...agtcgagttaccatatcactggacacgtctaagaaccagttctccctgaggctgacctctgttactgccgcggacacggcagtgtattactgtgcgaga	tacttcccgggg	ctactttgactcctggggccagggagtactggtcaccgtctcctcag	caggtgcagctgcaggagtcgggccca...ggactggtgaagccttcacagaccctgtccctcacctgcactgtctctggtggctccatcagc......agtggtggttactactggagctggatccgccagcacccagggaagggcctggagtggattgggtacatctattacagt.........gggagcacctactacaacccgtccctcaag...agtcgagttaccatatcagtagacacgtctaagaaccagttctccctgaagctgagctctgtgactgccgcggacacggccgtgtattactgtgcgaga	tacgtttggggg	ctactttgactactggggccagggaaccctggtcaccgtctcctcag	QVXLQESGP.GLVKPSQTLSLTCTVSGGSIS..SGGYYWNWIRQHPGKGLEWIGYIYYS...GNTYFNPSLQ.SRVTISLDTSKNQFSLRLTSVTAADTAVYYCAR	LPG	YFDSWGQGVLVTVSS	caggtgcnnctgcaggagtcgggcccaggactggtgaagccttcacagaccctgtccctcacctgcactgtctctggtggctccatcagcagtggtggttactactggaactggatccgccagcacccagggaagggcctggagtggattgggtacatctattacagtgggaacacctacttcaacccgtcgctccagagtcgagttaccatatcactggacacgtctaagaaccagttctccctgaggctgacctctgttactgccgcggacacggcagtgtattactgtgcgagaatacttcccggggggggctactttgactcctggggccagggagtactggtcaccgtctcctcag	caggtgcagctgcaggagtcgggcccaggactggtgaagccttcacagaccctgtccctcacctgcactgtctctggtggctccatcagcagtggtggttactactggagctggatccgccagcacccagggaagggcctggagtggattgggtacatctattacagtgggagcacctactacaacccgtccctcaagagtcgagttaccatatcagtagacacgtctaagaaccagttctccctgaagctgagctctgtgactgccgcggacacggccgtgtattactgtgcgagaatacgtttgggggggggctactttgactactggggccagggaaccctggtcaccgtctcctcag	1	Poor quality sequence
seq914	cttatgtcttctccacaggggtcctgtcncaggtgcagctgcagnagtcgggcccaggactggtgaagccttcacagaccctgtccctcacgtgcactatctctggtggctccatcagcagtggtggttactactggaactggatccgccagcacccagggaagggcctggagtggattgggtacatctatgacagtgggaacacctacttcaacccgtccctccagagtcgagttaccatatcactagacacgtctaagaaccagttctccctgaagctgaactctgtgactgccgcggacacggccgtgtattactgtgcgagaatacttcccggggggggctactttgactgctggggccagggagccctggtcaccgtctcctcaggtaan	T	IGHV4-31*03	IGHJ4*02	caggtgcagctgcagnagtcgggccca...ggactggtgaagccttcacagaccctgtccctcacgtgcactatctctggtggctccatcagc......agtggtggttactactggaactggatccgccagcacccagggaagggcctggagtggattgggtacatctatgacagt.........gggaacacctacttcaacccgtccctccag...agtcgagttaccatatcactagacacgtctaagaaccagttctccctgaagctgaactctgtgactgccgcggacacggccgtgtattactgtgcgagaatacttcccggggggggctactttgactgctggggccagggagccctggtcaccgtctcctcag	caggtgcagctgcaggagtcgggccca...ggactggtgaagccttcacagaccctgtccctcacctgcactgtctctggtggctccatcagc......agtggtggttactactggagctggatccgccagcacccagggaagggcctggagtggattgggtacatctattacagt.........gggagcacctactacaacccgtccctcaag...agtcgagttaccatatcagtagacacgtctaagaaccagttctccctgaagctgagctctgtgactgccgcggacacggccgtgtattactgtgcgagantacgtttgggggnnnnctactttgactactggggccagggaaccctggtcaccgtctcctcag	tgtgcgagaatacttcccggggggggctactttgactgctgg	a	gggg	ggtggctccatcagcagtggtggttactac	atctatgacagtgggaacacc	gcgagaatacttcccggggggggctactttgactgc	ARILPGGGYFDC	caggtgcagctgcagnagtcgggcccaggactggtgaagccttcacagaccctgtccctcacgtgcactatctct	tggaactggatccgccagcacccagggaagggcctggagtggattgggtac	tacttcaacccgtccctccagagtcgagttaccatatcactagacacgtctaagaaccagttctccctgaagctgaactctgtgactgccgcggacacggccgtgtattactgt	tggggccagggagccctggtcaccgtctcctcag	96.56	0.00	93.75	30	326	328	339	344	390	105	134	186	206	321	356	30	104	135	185	207	320	357	390	caggtgcagctgcagnagtcgggccca...ggactggtgaagccttcacagaccctgtccctcacgtgcactatctctggtggctccatcagc......agtggtggttactactggaactggatccgccagcacccagggaagggcctggagtggattgggtacatctatgacagt.........gggaacacctacttcaacccgtccctccag...agtcgagttaccatatcactagacacgtctaagaaccagttctccctgaagctgaactctgtgactgccgcggacacggccgtgtattactgtgcgaga	tacttcccgggg	ctactttgactgctggggccagggagccctggtcaccgtctcctcag	caggtgcagctgcaggagtcgggccca...ggactggtgaagccttcacagaccctgtccctcacctgcactgtctctggtggctccatcagc......agtggtggttactactggagctggatccgccagcacccagggaagggcctggagtggattgggtacatctattacagt.........gggagcacctactacaacccgtccctcaag...agtcgagttaccatatcagtagacacgtctaagaaccagttctccctgaagctgagctctgtgactgccgcggacacggccgtgtattactgtgcgaga	tacgtttggggg	ctactttgactactggggccagggaaccctggtcaccgtctcctcag	QVQLQXSGP.GLVKPSQTLSLTCTISGGSIS..SGGYYWNWIRQHPGKGLEWIGYIYDS...GNTYFNPSLQ.SRVTISLDTSKNQFSLKLNSVTAADTAVYYCAR	LPG	YFDCWGQGALVTVSS	caggtgcagctgcagnagtcgggcccaggactggtgaagccttcacagaccctgtccctcacgtgcactatctctggtggctccatcagcagtggtggttactactggaactggatccgccagcacccagggaagggcctggagtggattgggtacatctatgacagtgggaacacctacttcaacccgtccctccagagtcgagttaccatatcactagacacgtctaagaaccagttctccctgaagctgaactctgtgactgccgcggacacggccgtgtattactgtgcgagaatacttcccggggggggctactttgactgctggggccagggagccctggtcaccgtctcctcag	caggtgcagctgcaggagtcgggcccaggactggtgaagccttcacagaccctgtccctcacctgcactgtctctggtggctccatcagcagtggtggttactactggagctggatccgccagcacccagggaagggcctggagtggattgggtacatctattacagtgggagcacctactacaacccgtccctcaagagtcgagttaccatatcagtagacacgtctaagaaccagttctccctgaagctgagctctgtgactgccgcggacacggccgtgtattactgtgcgagaatacgtttgggggggggctactttgactactggggccagggaaccctggtcaccgtctcctcag	1	Poor quality sequence
seq1006	gtgtcctctccgcaggtgcccggtcaccgtctcctcaggtaag																																																			1	Missing annotation and poor quality sequence
seq1265	tgtctccaggtgtcctgtcacattcagaaatctcgtatgccgtcttctgcttgatcaccgtctcctcaggtaag																																																			1	Missing annotation and poor quality sequence
seq1629	gtttttctgttcacaggggtnctgtcccnggtgcagctgcaggantcnnncccaggactggtgaagccttcacagaccctgtccctcacctgcactgtctctggtggctccatcagcagtggtggttactactggaactggatccgccagcacccagggaagggcctggagtggattgggtacatctattacagtgggaacacctacttcaacccgtccctccagagtcgacttaccatatcactagacacgtctaagaaccagttctccctgaagctgagctctgtgactgccgcggacacggccgtgtattactgtgcgagaatacttcccggggggggctactttgactactggggccagagagtactggtcaccgtctcctcaggtaan	T	IGHV4-31*03	IGHJ4*02	cnggtgcagctgcaggantcnnnccca...ggactggtgaagccttcacagaccctgtccctcacctgcactgtctctggtggctccatcagc......agtggtggttactactggaactggatccgccagcacccagggaagggcctggagtggattgggtacatctattacagt.........gggaacacctacttcaacccgtccctccag...agtcgacttaccatatcactagacacgtctaagaaccagttctccctgaagctgagctctgtgactgccgcggacacggccgtgtattactgtgcgagaatacttcccggggggggctactttgactactggggccagagagtactggtcaccgtctcctcag	caggtgcagctgcaggagtcgggccca...ggactggtgaagccttcacagaccctgtccctcacctgcactgtctctggtggctccatcagc......agtggtggttactactggagctggatccgccagcacccagggaagggcctggagtggattgggtacatctattacagt.........gggagcacctactacaacccgtccctcaag...agtcgagttaccatatcagtagacacgtctaagaaccagttctccctgaagctgagctctgtgactgccgcggacacggccgtgtattactgtgcgagantacgtttgggggnnnnctactttgactactggggccagggaaccctggtcaccgtctcctcag	tgtgcgagaatacttcccggggggggctactttgactactgg	a	gggg	ggtggctccatcagcagtggtggttactac	atctattacagtgggaacacc	gcgagaatacttcccggggggggctactttgactac	ARILPGGGYFDY	cnggtgcagctgcaggantcnnncccaggactggtgaagccttcacagaccctgtccctcacctgcactgtctct	tggaactggatccgccagcacccagggaagggcctggagtggattgggtac	tacttcaacccgtccctccagagtcgacttaccatatcactagacacgtctaagaaccagttctccctgaagctgagctctgtgactgccgcggacacggccgtgtattactgt	tggggccagagagtactggtcaccgtctcctcag	96.22	0.00	89.58	28	324	326	337	342	388	103	132	184	204	319	354	28	102	133	183	205	318	355	388	cnggtgcagctgcaggantcnnnccca...ggactggtgaagccttcacagaccctgtccctcacctgcactgtctctggtggctccatcagc......agtggtggttactactggaactggatccgccagcacccagggaagggcctggagtggattgggtacatctattacagt.........gggaacacctacttcaacccgtccctccag...agtcgacttaccatatcactagacacgtctaagaaccagttctccctgaagctgagctctgtgactgccgcggacacggccgtgtattactgtgcgaga	tacttcccgggg	ctactttgactactggggccagagagtactggtcaccgtctcctcag	caggtgcagctgcaggagtcgggccca...ggactggtgaagccttcacagaccctgtccctcacctgcactgtctctggtggctccatcagc......agtggtggttactactggagctggatccgccagcacccagggaagggcctggagtggattgggtacatctattacagt.........gggagcacctactacaacccgtccctcaag...agtcgagttaccatatcagtagacacgtctaagaaccagttctccctgaagctgagctctgtgactgccgcggacacggccgtgtattactgtgcgaga	tacgtttggggg	ctactttgactactggggccagggaaccctggtcaccgtctcctcag	XVQLQXSXP.GLVKPSQTLSLTCTVSGGSIS..SGGYYWNWIRQHPGKGLEWIGYIYYS...GNTYFNPSLQ.SRLTISLDTSKNQFSLKLSSVTAADTAVYYCAR	LPG	YFDYWGQRVLVTVSS	cnggtgcagctgcaggantcnnncccaggactggtgaagccttcacagaccctgtccctcacctgcactgtctctggtggctccatcagcagtggtggttactactggaactggatccgccagcacccagggaagggcctggagtggattgggtacatctattacagtgggaacacctacttcaacccgtccctccagagtcgacttaccatatcactagacacgtctaagaaccagttctccctgaagctgagctctgtgactgccgcggacacggccgtgtattactgtgcgagaatacttcccggggggggctactttgactactggggccagagagtactggtcaccgtctcctcag	caggtgcagctgcaggagtcgggcccaggactggtgaagccttcacagaccctgtccctcacctgcactgtctctggtggctccatcagcagtggtggttactactggagctggatccgccagcacccagggaagggcctggagtggattgggtacatctattacagtgggagcacctactacaacccgtccctcaagagtcgagttaccatatcagtagacacgtctaagaaccagttctccctgaagctgagctctgtgactgccgcggacacggccgtgtattactgtgcgagaatacgtttgggggggggctactttgactactggggccagggaaccctggtcaccgtctcctcag	1	Poor quality sequence
seq1723	gtgttctctccacaggtgcctgtcccaggcgcagctgcaggagtcgggcccaggactggtgaagccttcacagaccctgtccctcacgtgcactatctctggtggctccatcagcagtggtggttactactgggactggatccgccagcacccagggaagggcctggagtggatcgggtacatctattacagttggaacacccactgcaaaccgtccctccagaggcgacgtaccataacacgacaaacgtctaagaaccagttctccctgaagcacagccctgtgactgccgcgggcgcgggcggatccagacacggcgggggtaggctctgaggtgtgcccggcgagagcctggggaggggctcggctggtcttggtaacagttgttacagggggaaaccagactccatccctcccctccgcagccgccctacagattactcagagagcacgatgaaccagccatccaacagcctgggctctgggacttcggcgaaaaatgccgttgcttacttcgaaagaatactgcccgggggggcctcctttgactactggggccagggagccctggtcaccgtctcctcaggtaag	F	IGHV4-31*03		caggcgcagctgcaggagtcgggccca...ggactggtgaagccttcacagaccctgtccctcacgtgcactatctctggtggctccatcagc......agtggtggttactactgggactggatccgccagcacccagggaagggcctggagtggatcgggtacatctattacagt.........tggaacacccactgcaaaccgtccctccag...aggcgacgtaccataacacgacaaacgtctaagaaccagttctccctgaagcacagccctgtgactgccgcgggcgcgggcggatccagaca	caggtgcagctgcaggagtcgggccca...ggactggtgaagccttcacagaccctgtccctcacctgcactgtctctggtggctccatcagc......agtggtggttactactggagctggatccgccagcacccagggaagggcctggagtggattgggtacatctattacagt.........gggagcacctactacaacccgtccctcaag...agtcgagttaccatatcagtagacacgtctaagaaccagttctccctgaagctgagctctgtgactgccgcggacacggccgtgtattactg				ggtggctccatcagcagtggtggttactac	atctattacagttggaacacc			caggcgcagctgcaggagtcgggcccaggactggtgaagccttcacagaccctgtccctcacgtgcactatctct	tgggactggatccgccagcacccagggaagggcctggagtggatcgggtac	cactgcaaaccgtccctccagaggcgacgtaccataacacgacaaacgtctaagaaccagttctccctgaagcacagccctgtgactgccgcgggcgcgggcggatccagacac		87.63			26	315					101	130	182	202			26	100	131	181	203	316			caggcgcagctgcaggagtcgggccca...ggactggtgaagccttcacagaccctgtccctcacgtgcactatctctggtggctccatcagc......agtggtggttactactgggactggatccgccagcacccagggaagggcctggagtggatcgggtacatctattacagt.........tggaacacccactgcaaaccgtccctccag...aggcgacgtaccataacacgacaaacgtctaagaaccagttctccctgaagcacagccctgtgactgccgcgggcgcgggcggatccagaca			caggtgcagctgcaggagtcgggccca...ggactggtgaagccttcacagaccctgtccctcacctgcactgtctctggtggctccatcagc......agtggtggttactactggagctggatccgccagcacccagggaagggcctggagtggattgggtacatctattacagt.........gggagcacctactacaacccgtccctcaag...agtcgagttaccatatcagtagacacgtctaagaaccagttctccctgaagctgagctctgtgactgccgcggacacggccgtgtattactg			QAQLQESGP.GLVKPSQTLSLTCTISGGSIS..SGGYYWDWIRQHPGKGLEWIGYIYYS...WNTHCKPSLQ.RRRTITRQTSKNQFSLKHSPVTAAGAGGSR			caggcgcagctgcaggagtcgggcccaggactggtgaagccttcacagaccctgtccctcacgtgcactatctctggtggctccatcagcagtggtggttactactgggactggatccgccagcacccagggaagggcctggagtggatcgggtacatctattacagttggaacacccactgcaaaccgtccctccagaggcgacgtaccataacacgacaaacgtctaagaaccagttctccctgaagcacagccctgtgactgccgcgggcgcgggcggatccagacac	caggtgcagctgcaggagtcgggcccaggactggtgaagccttcacagaccctgtccctcacctgcactgtctctggtggctccatcagcagtggtggttactactggagctggatccgccagcacccagggaagggcctggagtggattgggtacatctattacagtgggagcacctactacaacccgtccctcaagagtcgagttaccatatcagtagacacgtctaagaaccagttctccctgaagctgagctctgtgactgccgcggacacggccgtgtattactg	1	Missing annotation
seq1934	gtctctctgttcacaggggtccagttcaaatcttctgtgtatggtcaccgtctcctcaggtaag																																																			1	Missing annotation and poor quality sequence
seq1952	cttatgctttctccacaggggtcaccgtctcctcaggtaag																																																			2	Missing annotation and poor quality sequence
seq2013	gtctctctgttcacaggggtccggtcaccgtctcctcaggtaag																																																			1	Missing annotation and poor quality sequence
seq2250	cttatgtcttctccacaggggtcaccgtctcctcaggtaag																																																			6	Missing annotation and poor quality sequence
seq2539	gtgtcctctccacaggtgtccggtcaccgtctcctcaggtaag																																																			1	Missing annotation and poor quality sequence
seq2598	tctcccgcccacccactcagggagggggctgggtaggcgcaggctggccgggctgggggtgaggggctggccagactgcggaattcccagggtcccatgaggaaggctgggagcttggggttgggggcaaggctggcgccatcgttttttgcctctggggcccccggccgg																																																			1	Missing annotation and poor quality sequence
seq2688	cttatgtcttctccacaggggtcctgtcncaggtgcagctgcagnagncnggcccaggactggtgaagccttcacagaccctgtccctcacctgcactgtcgctggtggctccatcagcagtggtggttactactggaattggatccgccagcagccagggaagggcctggagtggattgggtacatctattacagtgggaacacctacttcaacccgtccctccagagtcgagttaccatatcactagacacgtctaagaaccagttctccctgaagctgagctctgtgactgccgcggacacggccgtgtattactgtgcgagaatacttcccggggggggctactttgactgctggggccagggagccctggtcaccgtctcctcaggtaan	T	IGHV4-31*03	IGHJ4*02	caggtgcagctgcagnagncnggccca...ggactggtgaagccttcacagaccctgtccctcacctgcactgtcgctggtggctccatcagc......agtggtggttactactggaattggatccgccagcagccagggaagggcctggagtggattgggtacatctattacagt.........gggaacacctacttcaacccgtccctccag...agtcgagttaccatatcactagacacgtctaagaaccagttctccctgaagctgagctctgtgactgccgcggacacggccgtgtattactgtgcgagaatacttcccggggggggctactttgactgctggggccagggagccctggtcaccgtctcctcag	caggtgcagctgcaggagtcgggccca...ggactggtgaagccttcacagaccctgtccctcacctgcactgtctctggtggctccatcagc......agtggtggttactactggagctggatccgccagcacccagggaagggcctggagtggattgggtacatctattacagt.........gggagcacctactacaacccgtccctcaag...agtcgagttaccatatcagtagacacgtctaagaaccagttctccctgaagctgagctctgtgactgccgcggacacggccgtgtattactgtgcgagantacgtttgggggnnnnctactttgactactggggccagggaaccctggtcaccgtctcctcag	tgtgcgagaatacttcccggggggggctactttgactgctgg	a	gggg	ggtggctccatcagcagtggtggttactac	atctattacagtgggaacacc	gcgagaatacttcccggggggggctactttgactgc	ARILPGGGYFDC	caggtgcagctgcagnagncnggcccaggactggtgaagccttcacagaccctgtccctcacctgcactgtcgct	tggaattggatccgccagcagccagggaagggcctggagtggattgggtac	tacttcaacccgtccctccagagtcgagttaccatatcactagacacgtctaagaaccagttctccctgaagctgagctctgtgactgccgcggacacggccgtgtattactgt	tggggccagggagccctggtcaccgtctcctcag	96.22	0.00	93.75	30	326	328	339	344	390	105	134	186	206	321	356	30	104	135	185	207	320	357	390	caggtgcagctgcagnagncnggccca...ggactggtgaagccttcacagaccctgtccctcacctgcactgtcgctggtggctccatcagc......agtggtggttactactggaattggatccgccagcagccagggaagggcctggagtggattgggtacatctattacagt.........gggaacacctacttcaacccgtccctccag...agtcgagttaccatatcactagacacgtctaagaaccagttctccctgaagctgagctctgtgactgccgcggacacggccgtgtattactgtgcgaga	tacttcccgggg	ctactttgactgctggggccagggagccctggtcaccgtctcctcag	caggtgcagctgcaggagtcgggccca...ggactggtgaagccttcacagaccctgtccctcacctgcactgtctctggtggctccatcagc......agtggtggttactactggagctggatccgccagcacccagggaagggcctggagtggattgggtacatctattacagt.........gggagcacctactacaacccgtccctcaag...agtcgagttaccatatcagtagacacgtctaagaaccagttctccctgaagctgagctctgtgactgccgcggacacggccgtgtattactgtgcgaga	tacgtttggggg	ctactttgactactggggccagggaaccctggtcaccgtctcctcag	QVQLQXXGP.GLVKPSQTLSLTCTVAGGSIS..SGGYYWNWIRQQPGKGLEWIGYIYYS...GNTYFNPSLQ.SRVTISLDTSKNQFSLKLSSVTAADTAVYYCAR	LPG	YFDCWGQGALVTVSS	caggtgcagctgcagnagncnggcccaggactggtgaagccttcacagaccctgtccctcacctgcactgtcgctggtggctccatcagcagtggtggttactactggaattggatccgccagcagccagggaagggcctggagtggattgggtacatctattacagtgggaacacctacttcaacccgtccctccagagtcgagttaccatatcactagacacgtctaagaaccagttctccctgaagctgagctctgtgactgccgcggacacggccgtgtattactgtgcgagaatacttcccggggggggctactttgactgctggggccagggagccctggtcaccgtctcctcag	caggtgcagctgcaggagtcgggcccaggactggtgaagccttcacagaccctgtccctcacctgcactgtctctggtggctccatcagcagtggtggttactactggagctggatccgccagcacccagggaagggcctggagtggattgggtacatctattacagtgggagcacctactacaacccgtccctcaagagtcgagttaccatatcagtagacacgtctaagaaccagttctccctgaagctgagctctgtgactgccgcggacacggccgtgtattactgtgcgagaatacgtttgggggggggctactttgactactggggccagggaaccctggtcaccgtctcctcag	1	Poor quality sequence
seq2732	gtttctctgttcacaggggtccccgtctcctcaggtaag																																																			1	Missing annotation and poor quality sequence
seq2882	gtgttctctccacaggagcccactcccaggtgcagctggtgcagtctggggctgaggtgaagaagcctggggcctcagtgaaggtctcctgcaaggcttctggatacaccttcaccggctactatatgcactgggtgcgacaggcccctggacaagggcttgagtggatgggatggatcaaccctaacagtggtggcacaaactatgcacagaagtttcagggctgggtcaccgtctcctcaggtaag	F	IGHV1-2*04		caggtgcagctggtgcagtctggggct...gaggtgaagaagcctggggcctcagtgaaggtctcctgcaaggcttctggatacaccttc............accggctactatatgcactgggtgcgacaggcccctggacaagggcttgagtggatgggatggatcaaccctaac......agtggtggcacaaactatgcacagaagtttcag...ggctgggtcaccgtctcctcaggtaag	caggtgcagctggtgcagtctggggct...gaggtgaagaagcctggggcctcagtgaaggtctcctgcaaggcttctggatacaccttc............accggctactatatgcactgggtgcgacaggcccctggacaagggcttgagtggatgggatggatcaaccctaac......agtggtggcacaaactatgcacagaagtttcag...ggctgggtcaccatgaccagggacacg				ggatacaccttcaccggctactat	atcaaccctaacagtggtggcaca			caggtgcagctggtgcagtctggggctgaggtgaagaagcctggggcctcagtgaaggtctcctgcaaggcttct	atgcactgggtgcgacaggcccctggacaagggcttgagtggatgggatgg	aactatgcacagaagtttcagggctgggtcaccgtctcctcaggtaag		95.95			27	248					102	125	177	200			27	101	126	176	201	248			caggtgcagctggtgcagtctggggct...gaggtgaagaagcctggggcctcagtgaaggtctcctgcaaggcttctggatacaccttc............accggctactatatgcactgggtgcgacaggcccctggacaagggcttgagtggatgggatggatcaaccctaac......agtggtggcacaaactatgcacagaagtttcag...ggctgggtcaccgtctcctcaggtaag			caggtgcagctggtgcagtctggggct...gaggtgaagaagcctggggcctcagtgaaggtctcctgcaaggcttctggatacaccttc............accggctactatatgcactgggtgcgacaggcccctggacaagggcttgagtggatgggatggatcaaccctaac......agtggtggcacaaactatgcacagaagtttcag...ggctgggtcaccatgaccagggacacg			QVQLVQSGA.EVKKPGASVKVSCKASGYTF....TGYYMHWVRQAPGQGLEWMGWINPN..SGGTNYAQKFQ.GWVTVSSGK			caggtgcagctggtgcagtctggggctgaggtgaagaagcctggggcctcagtgaaggtctcctgcaaggcttctggatacaccttcaccggctactatatgcactgggtgcgacaggcccctggacaagggcttgagtggatgggatggatcaaccctaacagtggtggcacaaactatgcacagaagtttcagggctgggtcaccgtctcctcaggtaag	caggtgcagctggtgcagtctggggctgaggtgaagaagcctggggcctcagtgaaggtctcctgcaaggcttctggatacaccttcaccggctactatatgcactgggtgcgacaggcccctggacaagggcttgagtggatgggatggatcaaccctaacagtggtggcacaaactatgcacagaagtttcagggctgggtcaccatgaccagggacacg	1	Missing annotation
